patient,SA,RF,VL,VI,VM,AM,GR,BL,ST,SM,BB
Thigh_001,0.18283630319807634,0.5370263139665861,0.3092227172562842,0.34335856683168525,0.30049436140572455,0.6488217078565649,0.23530818125263658,0.6397676728710948,0.6493943941025906,0.6176334265723843,0.4182676170817071
Thigh_002,0.16305967179323105,0.5018020682887891,0.536133454992398,0.5293277694223723,0.5034159466933209,0.40598060269318903,0.11854420966923891,0.6188174398334347,0.5424950444941505,0.6722864649467734,0.15681742491448658
Thigh_003,0.20524618629672314,0.21560768905527408,0.330502792627958,0.3690181333886581,0.34979710051943824,0.2242680859348832,0.12735815092193076,0.32528733575088264,0.20190602871713367,0.26656229017379635,0.19846384475076823
