{
    "dc_per_class_pp_all": {
        "1": 0.581135793865359,
        "10": 0.5482387813889702,
        "11": 0.5454284084221681,
        "2": 0.5590306672217067,
        "3": 0.5860093791358187,
        "4": 0.5554257286463052,
        "5": 0.5806866519997838,
        "6": 0.5401800308981376,
        "7": 0.589545970121882,
        "8": 0.5466672467075504,
        "9": 0.5239724089319482
    },
    "dc_per_class_pp_per_class": {
        "1": 0.5845744147200869,
        "10": 0.5693881971354423,
        "11": 0.6101507164709123,
        "2": 0.5754230494542606,
        "3": 0.587753095356326,
        "4": 0.5535755979724517,
        "5": 0.5888386659017213,
        "6": 0.5495979036436617,
        "7": 0.6008860982927854,
        "8": 0.5713973566661205,
        "9": 0.5359212402145342
    },
    "dc_per_class_raw": {
        "1": 0.8495568209140121,
        "10": 0.8266675209286367,
        "11": 0.8415709692633657,
        "2": 0.8470260352838708,
        "3": 0.8579370653942695,
        "4": 0.8072480232593945,
        "5": 0.8530372427275597,
        "6": 0.812060891735053,
        "7": 0.8863327173379316,
        "8": 0.8352661346525322,
        "9": 0.7920298279246182
    },
    "for_which_classes": [],
    "min_valid_object_sizes": "None",
    "num_samples": 10,
    "validation_final": "validation_raw_postprocessed",
    "validation_raw": "validation_raw"
}